{
  "hash": "62fa1c91",
  "configHash": "9f5f3517",
  "lockfileHash": "16ff0fe6",
  "browserHash": "b35f5ca5",
  "optimized": {
    "@angular/cdk/table": {
      "src": "../../../../../node_modules/@angular/cdk/fesm2022/table.mjs",
      "file": "@angular_cdk_table.js",
      "fileHash": "c1201ae4",
      "needsInterop": false
    },
    "@angular/common": {
      "src": "../../../../../node_modules/@angular/common/fesm2022/common.mjs",
      "file": "@angular_common.js",
      "fileHash": "9fd1d275",
      "needsInterop": false
    },
    "@angular/core": {
      "src": "../../../../../node_modules/@angular/core/fesm2022/core.mjs",
      "file": "@angular_core.js",
      "fileHash": "5e16a2e8",
      "needsInterop": false
    },
    "@angular/forms": {
      "src": "../../../../../node_modules/@angular/forms/fesm2022/forms.mjs",
      "file": "@angular_forms.js",
      "fileHash": "284f2ece",
      "needsInterop": false
    },
    "@angular/material/button": {
      "src": "../../../../../node_modules/@angular/material/fesm2022/button.mjs",
      "file": "@angular_material_button.js",
      "fileHash": "31ce28e1",
      "needsInterop": false
    },
    "@angular/material/core": {
      "src": "../../../../../node_modules/@angular/material/fesm2022/core.mjs",
      "file": "@angular_material_core.js",
      "fileHash": "47b66b51",
      "needsInterop": false
    },
    "@angular/material/dialog": {
      "src": "../../../../../node_modules/@angular/material/fesm2022/dialog.mjs",
      "file": "@angular_material_dialog.js",
      "fileHash": "0d1dbe0f",
      "needsInterop": false
    },
    "@angular/material/form-field": {
      "src": "../../../../../node_modules/@angular/material/fesm2022/form-field.mjs",
      "file": "@angular_material_form-field.js",
      "fileHash": "39924fc5",
      "needsInterop": false
    },
    "@angular/material/icon": {
      "src": "../../../../../node_modules/@angular/material/fesm2022/icon.mjs",
      "file": "@angular_material_icon.js",
      "fileHash": "c433f7b6",
      "needsInterop": false
    },
    "@angular/material/input": {
      "src": "../../../../../node_modules/@angular/material/fesm2022/input.mjs",
      "file": "@angular_material_input.js",
      "fileHash": "848213f0",
      "needsInterop": false
    },
    "@angular/material/menu": {
      "src": "../../../../../node_modules/@angular/material/fesm2022/menu.mjs",
      "file": "@angular_material_menu.js",
      "fileHash": "9506f51a",
      "needsInterop": false
    },
    "@angular/material/paginator": {
      "src": "../../../../../node_modules/@angular/material/fesm2022/paginator.mjs",
      "file": "@angular_material_paginator.js",
      "fileHash": "29c53344",
      "needsInterop": false
    },
    "@angular/material/select": {
      "src": "../../../../../node_modules/@angular/material/fesm2022/select.mjs",
      "file": "@angular_material_select.js",
      "fileHash": "fea3de2c",
      "needsInterop": false
    },
    "@angular/material/sort": {
      "src": "../../../../../node_modules/@angular/material/fesm2022/sort.mjs",
      "file": "@angular_material_sort.js",
      "fileHash": "2e3a3058",
      "needsInterop": false
    },
    "@angular/material/table": {
      "src": "../../../../../node_modules/@angular/material/fesm2022/table.mjs",
      "file": "@angular_material_table.js",
      "fileHash": "e0884d2a",
      "needsInterop": false
    },
    "@angular/platform-browser": {
      "src": "../../../../../node_modules/@angular/platform-browser/fesm2022/platform-browser.mjs",
      "file": "@angular_platform-browser.js",
      "fileHash": "fca8e41d",
      "needsInterop": false
    },
    "@angular/platform-browser/animations": {
      "src": "../../../../../node_modules/@angular/platform-browser/fesm2022/animations.mjs",
      "file": "@angular_platform-browser_animations.js",
      "fileHash": "e4a7f728",
      "needsInterop": false
    },
    "@angular/platform-browser/animations/async": {
      "src": "../../../../../node_modules/@angular/platform-browser/fesm2022/animations/async.mjs",
      "file": "@angular_platform-browser_animations_async.js",
      "fileHash": "04877009",
      "needsInterop": false
    },
    "@angular/router": {
      "src": "../../../../../node_modules/@angular/router/fesm2022/router.mjs",
      "file": "@angular_router.js",
      "fileHash": "50ceeabd",
      "needsInterop": false
    },
    "rxjs": {
      "src": "../../../../../node_modules/rxjs/dist/esm5/index.js",
      "file": "rxjs.js",
      "fileHash": "9fc0c4aa",
      "needsInterop": false
    }
  },
  "chunks": {
    "browser-YDIT3WK3": {
      "file": "browser-YDIT3WK3.js"
    },
    "chunk-R2A63PJH": {
      "file": "chunk-R2A63PJH.js"
    },
    "chunk-GOXHLTMP": {
      "file": "chunk-GOXHLTMP.js"
    },
    "chunk-AUZESRBB": {
      "file": "chunk-AUZESRBB.js"
    },
    "chunk-YLLDEMUB": {
      "file": "chunk-YLLDEMUB.js"
    },
    "chunk-NYNVICC3": {
      "file": "chunk-NYNVICC3.js"
    },
    "chunk-3D4V7454": {
      "file": "chunk-3D4V7454.js"
    },
    "chunk-32CVAE6E": {
      "file": "chunk-32CVAE6E.js"
    },
    "chunk-TC2IDJMH": {
      "file": "chunk-TC2IDJMH.js"
    },
    "chunk-IQVHL2BH": {
      "file": "chunk-IQVHL2BH.js"
    },
    "chunk-UZO7T6WJ": {
      "file": "chunk-UZO7T6WJ.js"
    },
    "chunk-ZLZDAHGU": {
      "file": "chunk-ZLZDAHGU.js"
    },
    "chunk-OZLMU76L": {
      "file": "chunk-OZLMU76L.js"
    },
    "chunk-OUV7SFSB": {
      "file": "chunk-OUV7SFSB.js"
    },
    "chunk-LJG4RJZJ": {
      "file": "chunk-LJG4RJZJ.js"
    },
    "chunk-R7GQRDZ6": {
      "file": "chunk-R7GQRDZ6.js"
    }
  }
}